character,video_type,query,video_id,title,published_at,views,likes,comments,like_ratio,engagement_score,crawled_at
albedo,teaser,"Character Teaser ""albedo""",EgnqSKptayI,"Character Teaser - ""Albedo: Still Life and Creation"" | Genshin Impact",2020-12-17,4494217.0,171555.0,8400.0,0.038172389094696585,0.040041457722223915,2026-01-14T19:09:48.760082+00:00
albedo,demo,"Character Demo ""albedo""",A3U51KyZLxE,"Character Demo - ""Albedo: Contemplation in Chalk"" | Genshin Impact",2020-12-22,8203682.0,235269.0,13000.0,0.028678464133543937,0.030263118438769325,2026-01-14T19:09:51.713273+00:00
alhaitham,teaser,"Character Teaser ""alhaitham""",JeOJi3tNIDs,"Character Teaser - ""Alhaitham: Questions and Silence"" | Genshin Impact",2023-01-12,2646727.0,176171.0,5500.0,0.06656183278441638,0.06863987105583613,2026-01-14T19:09:55.980686+00:00
alhaitham,demo,"Character Demo ""alhaitham""",6XbHqN8Cs60,"Character Demo - ""Alhaitham: Think Before You Act"" | Genshin Impact",2023-01-17,13314125.0,327332.0,11000.0,0.024585318224066545,0.02541150845436707,2026-01-14T19:09:58.613038+00:00
aloy,teaser,"Character Teaser ""aloy""",bx2aWuUjxnE,"Collected Miscellany - ""Aloy: Mystical Glow of Frost"" | Genshin Impact",2021-09-02,1546662.0,77863.0,4300.0,0.05034260879235412,0.05312278959462378,2026-01-14T19:10:03.254614+00:00
aloy,demo,"Character Demo ""aloy""",NQBk9S1fpcw,"Character Demo - ""Aloy: Otherworldly Hunter"" | Genshin Impact",2021-08-27,7856352.0,172117.0,9900.0,0.02190800514029921,0.023168131977793254,2026-01-14T19:10:08.408868+00:00
itto,teaser,"Character Teaser ""itto""",KGjnRThxe7k,"Character Teaser - ""Arataki Itto: That's How the Show Should Go!"" | Genshin Impact",2021-12-08,4803048.0,308382.0,11000.0,0.06420547952050448,0.0664956919023087,2026-01-14T19:10:11.849065+00:00
itto,demo,"Character Demo ""itto""",iXeJ94AFZDw,"Character Demo - ""Arataki Itto: Make Way for the One and Oni!"" | Genshin Impact",2021-12-12,8152775.0,332871.0,12000.0,0.04082916552952829,0.04230105700206371,2026-01-14T19:10:15.476170+00:00
arlecchino,teaser,"Character Teaser ""arlecchino""",lDVeNoQ0LxI,"Character Teaser - ""Arlecchino: Sleep in Peace"" | Genshin Impact #CharacterTeaser #Arlecchino",2024-04-18,3388416.0,210867.0,6700.0,0.062231733057570265,0.06420905815578724,2026-01-14T19:10:18.004151+00:00
arlecchino,demo,"Character Demo ""arlecchino""",TnYFVP3c_bs,"Character Demo - ""Arlecchino: Lullaby"" | Genshin Impact #CharacterDemo #Arlecchino #Lullaby",2024-04-23,8470746.0,277761.0,8000.0,0.032790618441398196,0.033735045295892475,2026-01-14T19:10:22.291974+00:00
ayaka,teaser,"Character Teaser ""ayaka""",vsCO7C416bs,"Character Teaser - ""Kamisato Ayaka: The Homeward Heron"" | Genshin Impact",2021-07-15,4785469.0,257997.0,16000.0,0.05391258411662472,0.05725603906325587,2026-01-14T19:10:24.971246+00:00
ayaka,demo,"Character Demo ""ayaka""",5RCsr1Y8UZA,"Character Demo - ""Kamisato Ayaka: Camellia in Winter Snow"" | Genshin Impact",2021-07-20,15822985.0,276502.0,16000.0,0.017474705310028416,0.01848589251648788,2026-01-14T19:10:28.815806+00:00
ayato,teaser,"Character Teaser ""ayato""",s3ok84NeMdU,"Character Teaser - ""Kamisato Ayato: Lanterns in the Night"" | Genshin Impact",2022-03-24,3747844.0,298068.0,8900.0,0.07953052474969609,0.08190522337642656,2026-01-14T19:10:31.813307+00:00
ayato,demo,"Character Demo ""ayato""",KxMs7IsSTgs,"Character Demo - ""Kamisato Ayato: Fathomless Swirls in the Forest"" | Genshin Impact",2022-03-29,5841472.0,265131.0,9500.0,0.04538770364729986,0.04701400605874684,2026-01-14T19:10:36.212001+00:00
baizhu,teaser,"Character Teaser ""baizhu""",8cZSZksffhk,"Character Teaser - ""Baizhu: An Elusive Curative"" | Genshin Impact",2023-04-26,1847307.0,147848.0,3800.0,0.08003434188253496,0.08209139033198055,2026-01-14T19:10:39.051319+00:00
baizhu,demo,"Character Demo ""baizhu""",HtiJkMsNtHg,"Character Demo - ""Baizhu: Curing the Root Cause"" | Genshin Impact",2023-05-01,3382900.0,120616.0,4700.0,0.035654615862130125,0.037043956368796004,2026-01-14T19:10:43.155090+00:00
chasca,teaser,"Character Teaser ""chasca""",b1-93b1V-co,"Character Teaser - ""Chasca: Love and Peace"" | Genshin Impact #GenshinImpact #Teaser #Chasca",2024-11-14,752986.0,59690.0,2900.0,0.07927106214458171,0.08312239536990064,2026-01-14T19:10:45.664433+00:00
chasca,demo,"Character Demo ""chasca""",,,,,,,,,2026-01-14T19:10:45.665678+00:00
tartaglia,teaser,"Character Teaser ""tartaglia""",I3BjzSPPF_s,"Happy Birthday, Tartaglia!｜Genshin Impact #HoYoverse #HBD #GenshinImpact #Tartaglia",2025-07-20,161981.0,14947.0,546.0,0.09227625462245571,0.09564702032954482,2026-01-14T19:10:49.138994+00:00
tartaglia,demo,"Character Demo ""tartaglia""",,,,,,,,,2026-01-14T19:10:49.140186+00:00
chiori,teaser,"Character Teaser ""chiori""",wdqS8ai9cls,Story Teaser: Tapestry of Night | Genshin Impact #StoryTeaser #TapestryofNight #Chiori,2024-03-18,614870.0,25261.0,655.0,0.04108348106103729,0.04214874688958642,2026-01-14T19:10:52.233410+00:00
chiori,demo,"Character Demo ""chiori""",lFlgRCLUYNY,"Character Demo - ""Chiori: Thousand Threads of Brilliance"" | Genshin Impact",2024-03-12,3486295.0,81565.0,2300.0,0.02339589736382033,0.024055623520097984,2026-01-14T19:10:55.661972+00:00
citlali,teaser,"Character Teaser ""citlali""",5WmNZNyw3fM,Story Teaser: Remembering Your Color | Genshin Impact #GenshinImpact #Citlali,2025-01-07,336714.0,21029.0,708.0,0.06245359563308921,0.06455627030655096,2026-01-14T19:10:58.160366+00:00
citlali,demo,"Character Demo ""citlali""",,,,,,,,,2026-01-14T19:10:58.161518+00:00
clorinde,teaser,"Character Teaser ""clorinde""",btAgDq44a74,"Character Teaser - ""Clorinde: Final Failsafe"" | Genshin Impact #Character #Teaser #Clorinde",2024-05-30,3549338.0,87961.0,3000.0,0.024782367866909266,0.02562759590661695,2026-01-14T19:11:02.429962+00:00
clorinde,demo,"Character Demo ""clorinde""",lXcn3yr7VQ4,"Character Demo - ""Clorinde: Night Vigil Amidst Candlelit Shadows"" | Genshin Impact #Clorinde",2024-06-03,3040303.0,96700.0,4000.0,0.031806040384790596,0.03312169872542309,2026-01-14T19:11:05.574405+00:00
columbina,teaser,"Character Teaser ""columbina""",ME4OGvcPBUs,"Character Teaser - ""Columbina: Where She Dwells"" | Genshin Impact #GenshinImpact #Columbina",2026-01-08,812153.0,87887.0,3400.0,0.10821483144185887,0.11240123474271474,2026-01-14T19:11:09.665460+00:00
columbina,demo,"Character Demo ""columbina""",,,,,,,,,2026-01-14T19:11:09.666545+00:00
cyno,teaser,"Character Teaser ""cyno""",2bNgDa4nApQ,"Character Teaser - ""Cyno: A Just Punishment"" | Genshin Impact",2022-09-22,2971619.0,234728.0,7600.0,0.07898993780831258,0.08154746621286242,2026-01-14T19:11:12.541036+00:00
cyno,demo,"Character Demo ""cyno""",J9WuPBOC_S8,"Character Demo - ""Cyno: Counsel of Condemnation"" | Genshin Impact",2022-09-27,3526192.0,200089.0,5900.0,0.056743648672562354,0.05841684173748905,2026-01-14T19:11:16.152254+00:00
dehya,teaser,"Character Teaser ""dehya""",fmYko2bWjnI,"Character Teaser - ""Dehya: Dawn Over the Sand"" | Genshin Impact",2023-02-23,1767465.0,141749.0,4600.0,0.08019904213096157,0.08280163963642845,2026-01-14T19:11:18.779445+00:00
dehya,demo,"Character Demo ""dehya""",AKDz1h2871E,"Character Demo - ""Dehya: Fiery Lioness"" | Genshin Impact",2023-02-28,2083281.0,122315.0,6800.0,0.058712674862392546,0.06197675685613223,2026-01-14T19:11:23.723106+00:00
diluc,teaser,"Character Teaser ""diluc""",1TfbiDo7N4k,"Collected Miscellany - ""Diluc: Dawn""｜Genshin Impact",2020-10-02,8609725.0,102693.0,5800.0,0.011927558661862023,0.012601215485976614,2026-01-14T19:11:26.694880+00:00
diluc,demo,"Character Demo ""diluc""",,,,,,,,,2026-01-14T19:11:26.696170+00:00
durin,teaser,"Character Teaser ""durin""",iJkJXR6pV5U,Story Teaser: What Still Lies Unwritten | Genshin Impact #GenshinImpact #Durin,2025-12-09,140316.0,11442.0,479.0,0.0815445138116822,0.0849582371219248,2026-01-14T19:11:30.364127+00:00
durin,demo,"Character Demo ""durin""",,,,,,,,,2026-01-14T19:11:30.365126+00:00
eula,teaser,"Character Teaser ""eula""",fFHfbH8UrFE,"Character Teaser - ""Eula: Midnight Encounter at the Tavern"" | Genshin Impact",2021-05-11,9160979.0,248955.0,14000.0,0.027175588984539752,0.028703809931231148,2026-01-14T19:11:33.036525+00:00
eula,demo,"Character Demo ""eula""",Go7SeJ-yOL4,"New Character Demo - ""Eula: Flickering Candlelight"" | Genshin Impact",2021-05-17,25160120.0,369143.0,28000.0,0.014671750373209667,0.01578462264885859,2026-01-14T19:11:36.876392+00:00
flins,teaser,"Character Teaser ""flins""",IVwWIc8oNQg,"Character Teaser - ""Flins: An Ancient Coin and a Pair of Eyes"" | Genshin Impact #Flins",2025-09-24,771487.0,75910.0,1300.0,0.09839439938715752,0.10007945694483511,2026-01-14T19:11:40.085442+00:00
flins,demo,"Character Demo ""flins""",,,,,,,,,2026-01-14T19:11:40.086765+00:00
furina,teaser,"Character Teaser ""furina""",aau-c8l5z9c,"Character Teaser - ""Furina: Member of the Cast"" | Genshin Impact",2023-11-05,6817986.0,264377.0,6900.0,0.03877640699174214,0.039788436057216894,2026-01-14T19:11:43.807554+00:00
furina,demo,"Character Demo ""furina""",EN79SfbcvIE,"Character Demo - ""Furina: All the World's a Stage"" | Genshin Impact",2023-11-07,14300835.0,547232.0,16000.0,0.03826573763000552,0.0393845534194332,2026-01-14T19:11:46.279160+00:00
ganyu,teaser,"Character Teaser ""ganyu""",ASO6t2zp_UI,"Character Teaser - ""Ganyu: A Night in Liyue Harbor"" | Genshin Impact",2021-01-06,4455874.0,127655.0,7600.0,0.028648700569181264,0.030354314327559532,2026-01-14T19:11:49.989816+00:00
ganyu,demo,"Character Demo ""ganyu""",FHRXP8ceeBU,"Character Demo - ""Ganyu: Radiant Dreams"" | Genshin Impact",2021-01-11,8504740.0,230905.0,14000.0,0.027150153914170215,0.028796294772091797,2026-01-14T19:11:52.536048+00:00
hu tao,teaser,"Character Teaser ""hu tao""",dc3eD6C6Gbk,"Character Teaser - ""Hu Tao: Scared Yet?"" | Genshin Impact",2021-02-27,11225476.0,382520.0,23000.0,0.0340760605608172,0.03612497144887219,2026-01-14T19:11:56.858646+00:00
hu tao,demo,"Character Demo ""hu tao""",qrH9vMZBwAk,"Character Demo - ""Hu Tao: Let the Living Beware"" | Genshin Impact",2021-03-01,21330822.0,456097.0,24000.0,0.021382063944840008,0.02250719639402551,2026-01-14T19:11:59.271187+00:00
iansan,teaser,"Character Teaser ""iansan""",e1F-tQKeuOw,"Character Trailer - ""Iansan: No Shortcuts"" | Genshin Impact #GenshinImpact #Iansan",2025-03-24,349747.0,24669.0,1200.0,0.07053384303510823,0.07396489462382808,2026-01-14T19:12:02.948404+00:00
iansan,demo,"Character Demo ""iansan""",,,,,,,,,2026-01-14T19:12:02.949609+00:00
ineffa,teaser,"Character Teaser ""ineffa""",a6FB9NU_Vr8,"Character Teaser - ""Ineffa: Gift From the Artificed"" | Genshin Impact #GenshinImpact #Ineffa",2025-07-24,832101.0,69124.0,2800.0,0.08307164635062331,0.08643662247731947,2026-01-14T19:12:05.505921+00:00
ineffa,demo,"Character Demo ""ineffa""",,,,,,,,,2026-01-14T19:12:05.507042+00:00
jean,teaser,"Character Teaser ""jean""",_FOkixTeAaA,"Collected Miscellany - ""Jean: Guiding Breeze""｜Genshin Impact",2020-10-22,5622788.0,63436.0,3500.0,0.011281947674356564,0.011904414678269927,2026-01-14T19:12:09.601130+00:00
jean,demo,"Character Demo ""jean""",,,,,,,,,2026-01-14T19:12:09.602268+00:00
kazuha,teaser,"Character Teaser ""kazuha""",ST5v7-C3iDk,"Character Teaser - ""Kaedehara Kazuha: Moonlit Breeze"" | Genshin Impact",2021-06-23,7013464.0,385139.0,24000.0,0.05491423353709379,0.05833622301333549,2026-01-14T19:12:12.511844+00:00
kazuha,demo,"Character Demo ""kazuha""",zif0Lmhrivc,"New Character Demo - ""Kaedehara Kazuha: Wandering Winds"" | Genshin Impact",2021-06-28,18832425.0,379004.0,23000.0,0.020125076828926704,0.02134637467028277,2026-01-14T19:12:16.871854+00:00
keqing,teaser,"Character Teaser ""keqing""",lf_b7_5oAZk,"Collected Miscellany - ""Keqing: Starward Sword"" | Genshin Impact",2020-10-27,10862210.0,82119.0,5600.0,0.0075600637439342455,0.008075612605537916,2026-01-14T19:12:20.034970+00:00
keqing,demo,"Character Demo ""keqing""",rPLh5QAedUE,"New Character Demo - ""Keqing: Yuheng of the Qixing"" | Genshin Impact",2020-09-13,6823111.0,92843.0,3700.0,0.013607136099647213,0.01414941073067696,2026-01-14T19:12:23.996102+00:00
klee,teaser,"Character Teaser ""klee""",jdq2shrprdU,"Collected Miscellany - ""Klee: Jumpy Dumpty"" | Genshin Impact",2020-10-20,12342363.0,95901.0,5400.0,0.007770068016959151,0.008207585532851367,2026-01-14T19:12:27.351261+00:00
klee,demo,"Character Demo ""klee""",C_duDk5e8yU,"New Character Demo - ""Klee: Da-Da Da!"" | Genshin Impact",2020-10-19,14247890.0,346122.0,15000.0,0.02429286020596734,0.025345647671339407,2026-01-14T19:12:31.398890+00:00
kokomi,teaser,"Character Teaser ""kokomi""",OizK-VT4aj8,"Character Teaser - ""Sangonomiya Kokomi: The Ocean's Will"" | Genshin Impact",2021-09-15,7950781.0,283298.0,15000.0,0.035631468153883246,0.03751807526832899,2026-01-14T19:12:34.352880+00:00
kokomi,demo,"Character Demo ""kokomi""",fVf0RB3nvOU,"Character Demo - ""Sangonomiya Kokomi: A Thousand Waves Under the Moon"" | Genshin Impact",2021-09-20,9907253.0,262028.0,14000.0,0.02644809817615438,0.027861204311629067,2026-01-14T19:12:38.638516+00:00
lauma,teaser,"Character Teaser ""lauma""",gXRck6wMgyg,"Character Teaser - ""Lauma: Crown of Sacred Silver"" | Genshin Impact #GenshinImpact #Lauma",2025-09-04,598508.0,51958.0,1500.0,0.08681254051741999,0.08931877268140108,2026-01-14T19:12:41.232041+00:00
lauma,demo,"Character Demo ""lauma""",,,,,,,,,2026-01-14T19:12:41.233091+00:00
lan yan,teaser,"Character Teaser ""lan yan""",4pvAszQHJvc,"Character Trailer - ""Lan Yan: Weaving of Silver Feathers"" | Genshin Impact",2025-01-20,537835.0,34357.0,1500.0,0.06388018630249054,0.06666914574172376,2026-01-14T19:12:44.825228+00:00
lan yan,demo,"Character Demo ""lan yan""",,,,,,,,,2026-01-14T19:12:44.826542+00:00
lyney,teaser,"Character Teaser ""lyney""",oJps5VwACJk,"Character Teaser - ""Lyney: Gloves of Wonder"" | Genshin Impact",2023-08-10,2640295.0,146231.0,4000.0,0.055384341522443516,0.05689932374980826,2026-01-14T19:12:47.598813+00:00
lyney,demo,"Character Demo ""lyney""",InFM4OvLbxk,"Character Demo - ""Lyney: Secret Inside the Hat"" | Genshin Impact",2023-08-15,2645939.0,148490.0,3800.0,0.05611996346098682,0.057556126577370074,2026-01-14T19:12:51.833596+00:00
mavuika,teaser,"Character Teaser ""mavuika""",azVhULtjhU4,"Character Teaser - ""Mavuika: A Light Through Time"" | Genshin Impact #GenshinImpact #Mavuika",2024-12-26,1359238.0,96944.0,3300.0,0.07132231441439983,0.0737501453020001,2026-01-14T19:12:54.230817+00:00
mavuika,demo,"Character Demo ""mavuika""",,,,,,,,,2026-01-14T19:12:54.232068+00:00
mizuki,teaser,"Character Teaser ""mizuki""",eP9NZFD86b4,"Character Teaser - ""Yumemizuki Mizuki: Dining on a Dish of Dreams"" | Genshin Impact #GenshinImpact",2025-02-06,943408.0,83956.0,3100.0,0.08899224937672778,0.09227820836795957,2026-01-14T19:12:58.291259+00:00
mizuki,demo,"Character Demo ""mizuki""",,,,,,,,,2026-01-14T19:12:58.292255+00:00
mona,teaser,"Character Teaser ""mona""",9dMRIV8dijI,"Collected Miscellany - ""Mona: Stellaris Phantasm"" | Genshin Impact",2020-10-26,3596711.0,67834.0,3300.0,0.018860008491090888,0.019777513400437232,2026-01-14T19:13:01.253902+00:00
mona,demo,"Character Demo ""mona""",QUioSVENXcI,"New Character Demo - ""Mona: Fate and Destiny"" | Genshin Impact",2020-09-12,5333137.0,68342.0,2200.0,0.012814596737342393,0.013227111923057668,2026-01-14T19:13:05.171127+00:00
mualani,teaser,"Character Teaser ""mualani""",BNLghVMba_o,"Character Teaser - ""Mualani: Kindness Begets Friendship"" | Genshin Impact #Mualani",2024-08-22,2129940.0,88334.0,3500.0,0.04147252974262186,0.04311576851930101,2026-01-14T19:13:07.686412+00:00
mualani,demo,"Character Demo ""mualani""",,,,,,,,,2026-01-14T19:13:07.687539+00:00
nahida,teaser,"Character Teaser ""nahida""",yX9vAY8eV_0,Story Teaser: Flowers and Dreams | Genshin Impact #Story #Teaser #Nahida #GenshinImpact,2024-11-07,483393.0,41601.0,1900.0,0.08606041047346569,0.08999095973669458,2026-01-14T19:13:12.063271+00:00
nahida,demo,"Character Demo ""nahida""",dpZhGzZ3hNc,"Character Demo - ""Nahida: Boundless Bliss"" | Genshin Impact",2022-11-01,8282076.0,309832.0,13000.0,0.03740994407682325,0.038979598834881495,2026-01-14T19:13:14.468829+00:00
navia,teaser,"Character Teaser ""navia""",vcJ6l5z9GHk,"Character Teaser - ""Navia: By Special Invitation"" | Genshin Impact",2023-12-14,3823263.0,84108.0,3100.0,0.02199900974638679,0.022809835472997805,2026-01-14T19:13:18.152585+00:00
navia,demo,"Character Demo ""navia""",o1EEvbQXe6Y,"Character Demo - ""Navia: Unofficial Operation"" | Genshin Impact",2023-12-19,3862599.0,166206.0,5000.0,0.0430295767176453,0.04432404192099672,2026-01-14T19:13:21.466946+00:00
nefer,teaser,"Character Teaser ""nefer""",egKU8L59cCQ,"Character Teaser - ""Nefer: An Inevitable Inconsistency"" | Genshin Impact #GenshinImpact #Nefer",2025-10-17,539597.0,38123.0,969.0,0.07065087463421776,0.0724466592660819,2026-01-14T19:13:25.697186+00:00
nefer,demo,"Character Demo ""nefer""",,,,,,,,,2026-01-14T19:13:25.698472+00:00
neuvillette,teaser,"Character Teaser ""neuvillette""",Q5I3xKJfIO4,Outfit Teaser: Teyvat Style – Nocturne of Serenity | Genshin Impact #Neuvillette #Yaoyao,2026-01-03,189035.0,12749.0,660.0,0.06744253709630492,0.07093395402967705,2026-01-14T19:13:28.329635+00:00
neuvillette,demo,"Character Demo ""neuvillette""",v2QSNQXRSkE,"Character Demo - ""Neuvillette: Font of All Waters"" | Genshin Impact",2023-09-26,6607836.0,214557.0,5500.0,0.03247008551665023,0.0333024306293316,2026-01-14T19:13:32.333673+00:00
nilou,teaser,"Character Teaser ""nilou""",rhvEIQj92w0,"Character Teaser - ""Nilou: Dancing Grace"" | Genshin Impact",2022-10-07,2207606.0,157921.0,4700.0,0.0715349568718331,0.07366395996387036,2026-01-14T19:13:35.422370+00:00
nilou,demo,"Character Demo ""nilou""",P5DeAD_uXE0,"Character Demo - ""Nilou: Dance of the Delicate Lotus"" | Genshin Impact",2022-10-13,3176549.0,147797.0,4100.0,0.04652753664432691,0.04781824552367994,2026-01-14T19:13:39.172634+00:00
qiqi,teaser,"Character Teaser ""qiqi""",Zuk9kbK1mek,"Collected Miscellany - ""Qiqi: Fortune-Preserving Talisman""｜Genshin Impact",2020-10-23,27196949.0,115394.0,5900.0,0.004242902393205944,0.004459838491442551,2026-01-14T19:13:42.078680+00:00
qiqi,demo,"Character Demo ""qiqi""",_ndVJlqBYLY,"New Character Demo - ""Qiqi: Icy Resurrection""｜Genshin Impact",2020-09-04,7167898.0,104587.0,3500.0,0.014591027941524837,0.015079316139822302,2026-01-14T19:13:46.705140+00:00
raiden,teaser,"Character Teaser ""raiden""",PBM2jQ0NW5o,Story Teaser: Ode of Floating Dreams | Genshin Impact #GenshinImpact #RaidenShogun,2025-02-18,568153.0,35211.0,1100.0,0.06197450334680975,0.0639106015457104,2026-01-14T19:13:49.192172+00:00
raiden,demo,"Character Demo ""raiden""",mvrW4aKwAXw,"Character Demo - ""Raiden Shogun: Judgment of Euthymia"" | Genshin Impact",2021-08-31,20558966.0,624521.0,30000.0,0.030377062737493705,0.03183628009307472,2026-01-14T19:13:52.931809+00:00
shenhe,teaser,"Character Teaser ""shenhe""",jvGnekdMOhI,"Character Teaser - ""Shenhe: Lonesome Dream"" | Genshin Impact",2021-12-30,4850608.0,297777.0,11000.0,0.06138962373376698,0.06365738068299892,2026-01-14T19:13:55.385544+00:00
shenhe,demo,"Character Demo ""shenhe""",piiSGbsxMRQ,"Character Demo - ""Shenhe: Crane in the Wild"" | Genshin Impact",2022-01-04,6811629.0,336616.0,14000.0,0.04941784116545396,0.05147314981482403,2026-01-14T19:13:58.985410+00:00
skirk,teaser,"Character Teaser ""skirk""",qsipM0xwHgo,"Story Teaser: Abyssal Rivers, Lasting Star Trails | Genshin Impact #Skirk #FightLikeSkirk",2025-06-25,299786.0,19472.0,544.0,0.06495299980652866,0.06676762757433637,2026-01-14T19:14:01.883156+00:00
skirk,demo,"Character Demo ""skirk""",,,,,,,,,2026-01-14T19:14:01.884183+00:00
sigewinne,teaser,"Character Teaser ""sigewinne""",xDpA6x0KMSI,"Character Teaser - ""Sigewinne: Everyday Correspondence"" | Genshin Impact #Teaser #Sigewinne",2024-06-19,769126.0,59977.0,2100.0,0.07798072097419669,0.08071109285084628,2026-01-14T19:14:05.593092+00:00
sigewinne,demo,"Character Demo ""sigewinne""",_QusNJbJK7I,"Character Demo - ""Sigewinne: A Bittersweet Cure"" | Genshin Impact #Character #Demo #Sigewinne",2024-06-24,1372370.0,83371.0,4400.0,0.06074965206176177,0.06395578451875224,2026-01-14T19:14:08.489492+00:00
tartaglia,teaser,"Character Teaser ""tartaglia""",I3BjzSPPF_s,"Happy Birthday, Tartaglia!｜Genshin Impact #HoYoverse #HBD #GenshinImpact #Tartaglia",2025-07-20,161981.0,14947.0,546.0,0.09227625462245571,0.09564702032954482,2026-01-14T19:14:12.161688+00:00
tartaglia,demo,"Character Demo ""tartaglia""",,,,,,,,,2026-01-14T19:14:12.162782+00:00
tighnari,teaser,"Character Teaser ""tighnari""",ox9_6NJP4J4,"Character Teaser - ""Tighnari: When All Is Said"" | Genshin Impact",2022-08-18,2330145.0,201556.0,7100.0,0.08649933802402855,0.08954635870299917,2026-01-14T19:14:15.202743+00:00
tighnari,demo,"Character Demo ""tighnari""",oSSCRUmaquo,"Character Demo - ""Tighnari: Plant Patrol"" | Genshin Impact",2022-08-23,21838771.0,195930.0,8100.0,0.008971658707351251,0.009342558699846251,2026-01-14T19:14:19.126465+00:00
varesa,teaser,"Character Teaser ""varesa""",GgZAXUgw8jY,"Character Teaser - ""Varesa: The Legend of a Warrior"" | Genshin Impact #GenshinImpact #Teaser #Varesa",2025-03-20,788613.0,50818.0,3800.0,0.06443971884815493,0.06925830540455204,2026-01-14T19:14:22.475628+00:00
varesa,demo,"Character Demo ""varesa""",,,,,,,,,2026-01-14T19:14:22.476801+00:00
venti,teaser,"Character Teaser ""venti""",M9kQP-cmipY,"Character Teaser - ""Venti: The Four Winds"" (English Voice-Over) | Genshin Impact",2021-03-10,3238682.0,174136.0,8400.0,0.0537675511211042,0.05636119878394977,2026-01-14T19:14:26.110129+00:00
venti,demo,"Character Demo ""venti""",TSsWsCdiiPI,"Character Demo - ""Venti: A Bard’s Business"" (English Voice-Over) | Genshin Impact",2021-03-16,4593318.0,184769.0,9100.0,0.04022560597807511,0.042206744666927046,2026-01-14T19:14:29.785906+00:00
wanderer,teaser,"Character Teaser ""wanderer""",AR2n2TsJuNE,"Character Teaser - ""Wanderer: Ashes"" | Genshin Impact",2022-12-04,5299268.0,394225.0,13000.0,0.0743923500377788,0.0768455190414978,2026-01-14T19:14:33.953324+00:00
wanderer,demo,"Character Demo ""wanderer""",NHEE_-87mNE,"Character Demo - ""Wanderer: Of Solitude Past and Present"" | Genshin Impact",2022-12-05,7841066.0,359228.0,13000.0,0.04581366870269935,0.04747160653921291,2026-01-14T19:14:36.520971+00:00
wriothesley,teaser,"Character Teaser ""wriothesley""",Pafx-AAYA_w,"Character Teaser - ""Wriothesley: Indispensable Protocols"" | Genshin Impact",2023-10-11,2017964.0,120656.0,2500.0,0.059790957618669115,0.0610298300663441,2026-01-14T19:14:40.978715+00:00
wriothesley,demo,"Character Demo ""wriothesley""",kdQOis0VRoo,"Character Demo - ""Wriothesley: Art of Improvisation"" | Genshin Impact",2023-10-16,3230019.0,169932.0,5800.0,0.05261021684392569,0.05440587191592371,2026-01-14T19:14:44.018534+00:00
xianyun,teaser,"Character Teaser ""xianyun""",O_7r93u9mWs,"Character Teaser - ""Xianyun: Discernment and Ingenuity"" | Genshin Impact",2024-01-25,1686827.0,119644.0,4100.0,0.07092843545900084,0.07335903444751596,2026-01-14T19:14:47.530073+00:00
xianyun,demo,"Character Demo ""xianyun""",4vlTklgTWaQ,"Character Demo - ""Xianyun: Unfettered as the Wind"" | Genshin Impact",2024-01-30,5302377.0,107137.0,3800.0,0.020205466340850527,0.020922126057803886,2026-01-14T19:14:50.636055+00:00
xiao,teaser,"Character Teaser ""xiao""",kCmvCpYL34U,"Collected Miscellany - ""Xiao: Conqueror of Demons"" | Genshin Impact",2021-02-03,7732394.0,127120.0,5800.0,0.01643992791883083,0.01719001902903551,2026-01-14T19:14:54.424869+00:00
xiao,demo,"Character Demo ""xiao""",sjozpa9DsZU,"Character Demo - ""Xiao: Doombane"" | Genshin Impact",2021-02-02,14156109.0,377469.0,21000.0,0.026664742409089955,0.0281482008933387,2026-01-14T19:14:57.079944+00:00
xilonen,teaser,"Character Teaser ""xilonen""",7vY4kxQLsdI,"Character Teaser - ""Xilonen: The Duty of Name Forging"" | Genshin Impact  #Character #Teaser #Xilonen",2024-10-03,1313269.0,72029.0,2700.0,0.05484710291646266,0.056903041189581116,2026-01-14T19:15:01.303566+00:00
xilonen,demo,"Character Demo ""xilonen""",,,,,,,,,2026-01-14T19:15:01.304979+00:00
yae miko,teaser,"Character Teaser ""yae miko""",tV2QOX9fXEE,"Character Teaser - ""Yae Miko: Kitsune's Affections"" | Genshin Impact",2022-02-10,4188745.0,308195.0,8000.0,0.07357693056034684,0.07548681048858309,2026-01-14T19:15:04.609904+00:00
yae miko,demo,"Character Demo ""yae miko""",4yFiBhNIWYo,"Character Demo - ""Yae Miko: Anecdote of a Divine Kitsune Guuji"" | Genshin Impact",2022-02-15,7167009.0,341405.0,10000.0,0.0476356315444839,0.0490309137326324,2026-01-14T19:15:08.616102+00:00
yelan,teaser,"Character Teaser ""yelan""",Kk3qIifw_TA,Outfit Teaser: Teyvat Style – Chromatic Summer | Genshin Impact #GenshinImpact #Bennett #Yelan,2025-07-19,300906.0,15559.0,807.0,0.051707177656809766,0.054389078316816546,2026-01-14T19:15:11.012439+00:00
yelan,demo,"Character Demo ""yelan""",MDpYYzMvnHI,"Character Demo - ""Yelan: Shadow in the Rain"" | Genshin Impact",2022-05-30,6889394.0,316053.0,15000.0,0.04587529759511504,0.04805255730765289,2026-01-14T19:15:15.317975+00:00
yoimiya,teaser,"Character Teaser ""yoimiya""",AtqToYEE5r4,"Character Teaser - ""Yoimiya: The Queen of Summer on Narukami Island"" | Genshin Impact",2021-08-04,8291634.0,191590.0,11000.0,0.023106422690630096,0.024433061083014518,2026-01-14T19:15:18.224596+00:00
yoimiya,demo,"Character Demo ""yoimiya""",dn8etqEPtFg,"Character Demo - ""Yoimiya: Dazzling Lights in the Summer"" | Genshin Impact",2021-08-09,12431567.0,285043.0,15000.0,0.022928967844520323,0.024135573576524988,2026-01-14T19:15:22.789478+00:00
zhongli,teaser,"Character Teaser ""zhongli""",NRXhkjan52A,"Collected Miscellany - ""Zhongli: Dominance of Earth"" | Genshin Impact",2020-12-01,2498016.0,84505.0,4700.0,0.03382884657264005,0.03571033972560624,2026-01-14T19:15:25.338058+00:00
zhongli,demo,"Character Demo ""zhongli""",4oBpaBEMBIM,"Character Demo - ""Zhongli: The Listener"" | Genshin Impact",2020-11-30,35127330.0,601578.0,60000.0,0.01712563977962458,0.018833711528886483,2026-01-14T19:15:29.150425+00:00
